<?xml version="1.0" encoding="UTF-8" standalone="yes"?><topic xmlns:ditaarch="http://dita.oasis-open.org/architecture/2005/" xmlns:dita-ot="http://dita-ot.sourceforge.net/ns/201007/dita-ot" xmlns:opentopic-index="http://www.idiominc.com/opentopic/index" class="- topic/topic " ditaarch:DITAArchVersion="1.3" domains="(topic abbrev-d) a(props deliveryTarget) (topic equation-d) (topic hazard-d) (topic hi-d) (topic indexing-d) (topic markup-d) (topic mathml-d) (topic pr-d) (topic relmgmt-d) (topic sw-d) (topic svg-d) (topic ui-d) (topic ut-d) (topic markup-d xml-d)" id="topic_bwl_lrj_kxb" xtrc="topic:1;3:31" xtrf="file:/Users/lperson/repos/bridge/src/en/documentation/c_overview.dita">
    <title class="- topic/title " xtrc="title:1;4:12" xtrf="file:/Users/lperson/repos/bridge/src/en/documentation/c_overview.dita">Overview</title>
    <body class="- topic/body " xtrc="body:1;5:11" xtrf="file:/Users/lperson/repos/bridge/src/en/documentation/c_overview.dita">
        <p class="- topic/p " xtrc="p:1;6:12" xtrf="file:/Users/lperson/repos/bridge/src/en/documentation/c_overview.dita">The Synopsys Bridge Command Line Interface (Synopsys Bridge) allows you to run scans and
            receive results from the command line, either by scripting or running the commands
            manually. Synopsys Bridge invokes adapters that handle Coverity and Black Duck scanning,
            along with abstracting the various extensions and variables for them, so that usually no
            manual configuration is required. Repository integration tools like Synopsys GitHub
            Actions and Synopsys GitLab Template also leverage Bridge to run integrations in the
            background. </p>
        <p class="- topic/p " xtrc="p:2;13:12" xtrf="file:/Users/lperson/repos/bridge/src/en/documentation/c_overview.dita">Synopsys Bridge interfaces with the following </p>
        <p class="- topic/p " xtrc="p:3;14:12" xtrf="file:/Users/lperson/repos/bridge/src/en/documentation/c_overview.dita"><b class="+ topic/ph hi-d/b " xtrc="b:1;14:15" xtrf="file:/Users/lperson/repos/bridge/src/en/documentation/c_overview.dita">Prerequisites</b>: To run Synopsys Bridge, performing the following actions in the UI
            before downloading and installing Synopsys Bridge:<ol class="- topic/ol " id="ol_rnb_qxq_rwb" xtrc="ol:1;15:87" xtrf="file:/Users/lperson/repos/bridge/src/en/documentation/c_overview.dita">
                <li class="- topic/li " xtrc="li:1;16:21" xtrf="file:/Users/lperson/repos/bridge/src/en/documentation/c_overview.dita">Create an application and project.</li>
                <li class="- topic/li " xtrc="li:2;17:21" xtrf="file:/Users/lperson/repos/bridge/src/en/documentation/c_overview.dita">Create an access token.</li>
            </ol></p>
        <p class="- topic/p " xtrc="p:4;19:12" xtrf="file:/Users/lperson/repos/bridge/src/en/documentation/c_overview.dita"><b class="+ topic/ph hi-d/b " xtrc="b:2;19:15" xtrf="file:/Users/lperson/repos/bridge/src/en/documentation/c_overview.dita">What It Does</b>: Synopsys Bridge provides a simple CLI to run testing in your CI/CD
            pipeline, allowing you to perform the heavy computation analysis on cloud servers.
            Synopsys Bridge enables the following: <ol class="- topic/ol " id="ol_snb_qxq_rwb" xtrc="ol:2;21:76" xtrf="file:/Users/lperson/repos/bridge/src/en/documentation/c_overview.dita">
                <li class="- topic/li " xtrc="li:3;22:21" xtrf="file:/Users/lperson/repos/bridge/src/en/documentation/c_overview.dita">Initiate SAST or SCA code scans in your environment.</li>
                <li class="- topic/li " xtrc="li:4;23:21" xtrf="file:/Users/lperson/repos/bridge/src/en/documentation/c_overview.dita">Configure  testing, so project owners don't have to.</li>
                <li class="- topic/li " xtrc="li:5;24:21" xtrf="file:/Users/lperson/repos/bridge/src/en/documentation/c_overview.dita">Upload captured files for analysis. </li>
                <li class="- topic/li " xtrc="li:6;25:21" xtrf="file:/Users/lperson/repos/bridge/src/en/documentation/c_overview.dita">Provides integration with plugins such as <xref class="- topic/xref " href="c_using-synopsys-github-action.dita" type="topic" xtrc="xref:1;26:68" xtrf="file:/Users/lperson/repos/bridge/src/en/documentation/c_overview.dita"><?ditaot usertext?>Synopsys GitHub Action</xref> and
                        <xref class="- topic/xref " href="c_using-synopsys-gitlab-template.dita" type="topic" xtrc="xref:2;27:76" xtrf="file:/Users/lperson/repos/bridge/src/en/documentation/c_overview.dita"><?ditaot usertext?>Synopsys GitLab
                        Template</xref>.</li>
            </ol></p>
        <p class="- topic/p " xtrc="p:5;30:12" xtrf="file:/Users/lperson/repos/bridge/src/en/documentation/c_overview.dita">Further information:<ul class="- topic/ul " id="ul_g4h_3ms_5xb" xtrc="ul:1;30:56" xtrf="file:/Users/lperson/repos/bridge/src/en/documentation/c_overview.dita">
                <li class="- topic/li " xtrc="li:7;31:21" xtrf="file:/Users/lperson/repos/bridge/src/en/documentation/c_overview.dita"><xref class="- topic/xref " href="c_synopsys_bridge_system_requirements.dita" type="topic" xtrc="xref:3;31:77" xtrf="file:/Users/lperson/repos/bridge/src/en/documentation/c_overview.dita"><?ditaot usertext?>System
                        Requirements</xref></li>
                <li class="- topic/li " xtrc="li:8;33:21" xtrf="file:/Users/lperson/repos/bridge/src/en/documentation/c_overview.dita"><xref class="- topic/xref " href="c_files-and-directories.dita" type="topic" xtrc="xref:4;33:63" xtrf="file:/Users/lperson/repos/bridge/src/en/documentation/c_overview.dita"><?ditaot usertext?>Files and Directories</xref></li>
                <li class="- topic/li " xtrc="li:9;34:21" xtrf="file:/Users/lperson/repos/bridge/src/en/documentation/c_overview.dita"><xref class="- topic/xref " href="c_download.dita" type="topic" xtrc="xref:5;34:50" xtrf="file:/Users/lperson/repos/bridge/src/en/documentation/c_overview.dita"><?ditaot usertext?>Download Synopsys Bridge</xref></li>
            </ul></p>
    </body>
<opentopic-index:index.groups/></topic>