<?xml version="1.0" encoding="UTF-8" standalone="yes"?><topic xmlns:ditaarch="http://dita.oasis-open.org/architecture/2005/" xmlns:dita-ot="http://dita-ot.sourceforge.net/ns/201007/dita-ot" xmlns:opentopic-index="http://www.idiominc.com/opentopic/index" class="- topic/topic " ditaarch:DITAArchVersion="1.3" domains="(topic abbrev-d) a(props deliveryTarget) (topic equation-d) (topic hazard-d) (topic hi-d) (topic indexing-d) (topic markup-d) (topic mathml-d) (topic pr-d) (topic relmgmt-d) (topic sw-d) (topic svg-d) (topic ui-d) (topic ut-d) (topic markup-d xml-d)" id="topic_w4s_lvr_5xb" xtrc="topic:1;3:31" xtrf="file:/Users/lperson/repos/bridge/src/en/documentation/c_complete-list-of-synopsys-bridge-commands.dita">
    <title class="- topic/title " xtrc="title:1;4:12" xtrf="file:/Users/lperson/repos/bridge/src/en/documentation/c_complete-list-of-synopsys-bridge-commands.dita">Complete list of Synopsys Bridge commands</title>
    <body class="- topic/body " xtrc="body:1;5:11" xtrf="file:/Users/lperson/repos/bridge/src/en/documentation/c_complete-list-of-synopsys-bridge-commands.dita">
        <p class="- topic/p " xtrc="p:1;6:12" xtrf="file:/Users/lperson/repos/bridge/src/en/documentation/c_complete-list-of-synopsys-bridge-commands.dita">The tables below lists all Synopsis Bridge CLI commands. </p>
        <p class="- topic/p " xtrc="p:2;7:12" xtrf="file:/Users/lperson/repos/bridge/src/en/documentation/c_complete-list-of-synopsys-bridge-commands.dita">In all cases, access tokens and sensitive information should be passed as environment
            variables.</p>
        <bodydiv class="- topic/bodydiv " xtrc="bodydiv:1;9:18" xtrf="file:/Users/lperson/repos/bridge/src/en/documentation/c_complete-list-of-synopsys-bridge-commands.dita">
            <section class="- topic/section " id="section_wlb_lc5_5xb" xtrc="section:1;10:47" xtrf="file:/Users/lperson/repos/bridge/src/en/documentation/c_complete-list-of-synopsys-bridge-commands.dita">
                <title class="- topic/title " xtrc="title:2;11:24" xtrf="file:/Users/lperson/repos/bridge/src/en/documentation/c_complete-list-of-synopsys-bridge-commands.dita">Universal Synopsys Bridge Commands</title>
                <p class="- topic/p " xtrc="p:3;12:20" xtrf="file:/Users/lperson/repos/bridge/src/en/documentation/c_complete-list-of-synopsys-bridge-commands.dita">@<table class="- topic/table " frame="all" id="table_ewf_1xq_wxb" xtrc="table:1;12:63" xtrf="file:/Users/lperson/repos/bridge/src/en/documentation/c_complete-list-of-synopsys-bridge-commands.dita">
                        <tgroup class="- topic/tgroup " cols="3" xtrc="tgroup:1;13:42" xtrf="file:/Users/lperson/repos/bridge/src/en/documentation/c_complete-list-of-synopsys-bridge-commands.dita">
                            <colspec class="- topic/colspec " colname="col1" colnum="1" colwidth="1*" xtrc="colspec:1;14:77" xtrf="file:/Users/lperson/repos/bridge/src/en/documentation/c_complete-list-of-synopsys-bridge-commands.dita"/>
                            <colspec class="- topic/colspec " colname="col2" colnum="2" colwidth="1.63*" xtrc="colspec:2;15:80" xtrf="file:/Users/lperson/repos/bridge/src/en/documentation/c_complete-list-of-synopsys-bridge-commands.dita"/>
                            <colspec class="- topic/colspec " colname="col3" colnum="3" colwidth="1.32*" xtrc="colspec:3;16:80" xtrf="file:/Users/lperson/repos/bridge/src/en/documentation/c_complete-list-of-synopsys-bridge-commands.dita"/>
                            <thead class="- topic/thead " xtrc="thead:1;17:36" xtrf="file:/Users/lperson/repos/bridge/src/en/documentation/c_complete-list-of-synopsys-bridge-commands.dita">
                                <row class="- topic/row " xtrc="row:1;18:38" xtrf="file:/Users/lperson/repos/bridge/src/en/documentation/c_complete-list-of-synopsys-bridge-commands.dita">
                                    <entry class="- topic/entry " colname="col1" dita-ot:x="1" dita-ot:y="1" xtrc="entry:1;19:44" xtrf="file:/Users/lperson/repos/bridge/src/en/documentation/c_complete-list-of-synopsys-bridge-commands.dita">Command</entry>
                                    <entry class="- topic/entry " colname="col2" dita-ot:x="2" dita-ot:y="1" xtrc="entry:2;20:44" xtrf="file:/Users/lperson/repos/bridge/src/en/documentation/c_complete-list-of-synopsys-bridge-commands.dita">Description</entry>
                                    <entry class="- topic/entry " colname="col3" dita-ot:x="3" dita-ot:y="1" xtrc="entry:3;21:44" xtrf="file:/Users/lperson/repos/bridge/src/en/documentation/c_complete-list-of-synopsys-bridge-commands.dita">Required?</entry>
                                </row>
                            </thead>
                            <tbody class="- topic/tbody " xtrc="tbody:1;24:36" xtrf="file:/Users/lperson/repos/bridge/src/en/documentation/c_complete-list-of-synopsys-bridge-commands.dita">
                                <row class="- topic/row " xtrc="row:2;25:38" xtrf="file:/Users/lperson/repos/bridge/src/en/documentation/c_complete-list-of-synopsys-bridge-commands.dita">
                                    <entry class="- topic/entry " colname="col1" dita-ot:x="1" dita-ot:y="2" xtrc="entry:4;26:44" xtrf="file:/Users/lperson/repos/bridge/src/en/documentation/c_complete-list-of-synopsys-bridge-commands.dita"><codeph class="+ topic/ph pr-d/codeph " xtrc="codeph:1;26:52" xtrf="file:/Users/lperson/repos/bridge/src/en/documentation/c_complete-list-of-synopsys-bridge-commands.dita"><b class="+ topic/ph hi-d/b " xtrc="b:1;26:55" xtrf="file:/Users/lperson/repos/bridge/src/en/documentation/c_complete-list-of-synopsys-bridge-commands.dita">synopsys-bridge</b></codeph></entry>
                                    <entry class="- topic/entry " colname="col2" dita-ot:x="2" dita-ot:y="2" xtrc="entry:5;27:44" xtrf="file:/Users/lperson/repos/bridge/src/en/documentation/c_complete-list-of-synopsys-bridge-commands.dita">Command to invoke Synopsys Bridge.</entry>
                                    <entry class="- topic/entry " colname="col3" dita-ot:x="3" dita-ot:y="2" xtrc="entry:6;28:44" xtrf="file:/Users/lperson/repos/bridge/src/en/documentation/c_complete-list-of-synopsys-bridge-commands.dita">Yes</entry>
                                </row>
                                <row class="- topic/row " xtrc="row:3;30:38" xtrf="file:/Users/lperson/repos/bridge/src/en/documentation/c_complete-list-of-synopsys-bridge-commands.dita">
                                    <entry class="- topic/entry " colname="col1" dita-ot:x="1" dita-ot:y="3" xtrc="entry:7;31:44" xtrf="file:/Users/lperson/repos/bridge/src/en/documentation/c_complete-list-of-synopsys-bridge-commands.dita"><codeph class="+ topic/ph pr-d/codeph " xtrc="codeph:2;31:52" xtrf="file:/Users/lperson/repos/bridge/src/en/documentation/c_complete-list-of-synopsys-bridge-commands.dita"><b class="+ topic/ph hi-d/b " xtrc="b:2;31:55" xtrf="file:/Users/lperson/repos/bridge/src/en/documentation/c_complete-list-of-synopsys-bridge-commands.dita">--stage</b></codeph></entry>
                                    <entry class="- topic/entry " colname="col2" dita-ot:x="2" dita-ot:y="3" xtrc="entry:8;32:44" xtrf="file:/Users/lperson/repos/bridge/src/en/documentation/c_complete-list-of-synopsys-bridge-commands.dita">The <codeph class="+ topic/ph pr-d/codeph " xtrc="codeph:3;32:56" xtrf="file:/Users/lperson/repos/bridge/src/en/documentation/c_complete-list-of-synopsys-bridge-commands.dita">--stage</codeph> command specifies a group of
                                        adapters to run (such as <codeph class="+ topic/ph pr-d/codeph " xtrc="codeph:4;33:74" xtrf="file:/Users/lperson/repos/bridge/src/en/documentation/c_complete-list-of-synopsys-bridge-commands.dita">--stage
                                        polaris</codeph>).</entry>
                                    <entry class="- topic/entry " colname="col3" dita-ot:x="3" dita-ot:y="3" xtrc="entry:9;35:44" xtrf="file:/Users/lperson/repos/bridge/src/en/documentation/c_complete-list-of-synopsys-bridge-commands.dita">Yes</entry>
                                </row>
                                <row class="- topic/row " xtrc="row:4;37:38" xtrf="file:/Users/lperson/repos/bridge/src/en/documentation/c_complete-list-of-synopsys-bridge-commands.dita">
                                    <entry class="- topic/entry " colname="col1" dita-ot:x="1" dita-ot:y="4" xtrc="entry:10;38:44" xtrf="file:/Users/lperson/repos/bridge/src/en/documentation/c_complete-list-of-synopsys-bridge-commands.dita"><codeph class="+ topic/ph pr-d/codeph " xtrc="codeph:5;38:52" xtrf="file:/Users/lperson/repos/bridge/src/en/documentation/c_complete-list-of-synopsys-bridge-commands.dita"><b class="+ topic/ph hi-d/b " xtrc="b:3;38:55" xtrf="file:/Users/lperson/repos/bridge/src/en/documentation/c_complete-list-of-synopsys-bridge-commands.dita">--input</b></codeph></entry>
                                    <entry class="- topic/entry " colname="col2" dita-ot:x="2" dita-ot:y="4" xtrc="entry:11;39:44" xtrf="file:/Users/lperson/repos/bridge/src/en/documentation/c_complete-list-of-synopsys-bridge-commands.dita">The <codeph class="+ topic/ph pr-d/codeph " xtrc="codeph:6;39:56" xtrf="file:/Users/lperson/repos/bridge/src/en/documentation/c_complete-list-of-synopsys-bridge-commands.dita">--input</codeph> command loads a JSON file
                                        containing common arguments to run scans</entry>
                                    <entry class="- topic/entry " colname="col3" dita-ot:x="3" dita-ot:y="4" xtrc="entry:12;41:44" xtrf="file:/Users/lperson/repos/bridge/src/en/documentation/c_complete-list-of-synopsys-bridge-commands.dita">Required for inputting a JSON file, not for runjning
                                        straight CLI commands.</entry>
                                </row>
                                <row class="- topic/row " xtrc="row:5;44:38" xtrf="file:/Users/lperson/repos/bridge/src/en/documentation/c_complete-list-of-synopsys-bridge-commands.dita">
                                    <entry class="- topic/entry " colname="col1" dita-ot:x="1" dita-ot:y="5" xtrc="entry:13;45:44" xtrf="file:/Users/lperson/repos/bridge/src/en/documentation/c_complete-list-of-synopsys-bridge-commands.dita"><codeph class="+ topic/ph pr-d/codeph " xtrc="codeph:7;45:52" xtrf="file:/Users/lperson/repos/bridge/src/en/documentation/c_complete-list-of-synopsys-bridge-commands.dita"><b class="+ topic/ph hi-d/b " xtrc="b:4;45:55" xtrf="file:/Users/lperson/repos/bridge/src/en/documentation/c_complete-list-of-synopsys-bridge-commands.dita">--help</b></codeph></entry>
                                    <entry class="- topic/entry " colname="col2" dita-ot:x="2" dita-ot:y="5" xtrc="entry:14;46:45" xtrf="file:/Users/lperson/repos/bridge/src/en/documentation/c_complete-list-of-synopsys-bridge-commands.dita"/>
                                    <entry class="- topic/entry " colname="col3" dita-ot:x="3" dita-ot:y="5" xtrc="entry:15;47:44" xtrf="file:/Users/lperson/repos/bridge/src/en/documentation/c_complete-list-of-synopsys-bridge-commands.dita">No</entry>
                                </row>
                                <row class="- topic/row " xtrc="row:6;49:38" xtrf="file:/Users/lperson/repos/bridge/src/en/documentation/c_complete-list-of-synopsys-bridge-commands.dita">
                                    <entry class="- topic/entry " colname="col1" dita-ot:x="1" dita-ot:y="6" xtrc="entry:16;50:44" xtrf="file:/Users/lperson/repos/bridge/src/en/documentation/c_complete-list-of-synopsys-bridge-commands.dita"><codeph class="+ topic/ph pr-d/codeph " xtrc="codeph:8;50:52" xtrf="file:/Users/lperson/repos/bridge/src/en/documentation/c_complete-list-of-synopsys-bridge-commands.dita"><b class="+ topic/ph hi-d/b " xtrc="b:5;50:55" xtrf="file:/Users/lperson/repos/bridge/src/en/documentation/c_complete-list-of-synopsys-bridge-commands.dita">--json-log</b></codeph></entry>
                                    <entry class="- topic/entry " colname="col2" dita-ot:x="2" dita-ot:y="6" xtrc="entry:17;51:44" xtrf="file:/Users/lperson/repos/bridge/src/en/documentation/c_complete-list-of-synopsys-bridge-commands.dita">Outputs JSON format logs. See <xref class="- topic/xref " href="c_logging-and-diagnostics.dita" type="topic" xtrc="xref:1;52:83" xtrf="file:/Users/lperson/repos/bridge/src/en/documentation/c_complete-list-of-synopsys-bridge-commands.dita"><?ditaot usertext?>Logging and
                                            Diagnostics</xref>.</entry>
                                    <entry class="- topic/entry " colname="col3" dita-ot:x="3" dita-ot:y="6" xtrc="entry:18;54:44" xtrf="file:/Users/lperson/repos/bridge/src/en/documentation/c_complete-list-of-synopsys-bridge-commands.dita">No</entry>
                                </row>
                                <row class="- topic/row " xtrc="row:7;56:38" xtrf="file:/Users/lperson/repos/bridge/src/en/documentation/c_complete-list-of-synopsys-bridge-commands.dita">
                                    <entry class="- topic/entry " colname="col1" dita-ot:x="1" dita-ot:y="7" xtrc="entry:19;57:44" xtrf="file:/Users/lperson/repos/bridge/src/en/documentation/c_complete-list-of-synopsys-bridge-commands.dita"><codeph class="+ topic/ph pr-d/codeph " xtrc="codeph:9;57:52" xtrf="file:/Users/lperson/repos/bridge/src/en/documentation/c_complete-list-of-synopsys-bridge-commands.dita"><b class="+ topic/ph hi-d/b " xtrc="b:6;57:55" xtrf="file:/Users/lperson/repos/bridge/src/en/documentation/c_complete-list-of-synopsys-bridge-commands.dita">--json-log-file</b></codeph></entry>
                                    <entry class="- topic/entry " colname="col2" dita-ot:x="2" dita-ot:y="7" xtrc="entry:20;58:44" xtrf="file:/Users/lperson/repos/bridge/src/en/documentation/c_complete-list-of-synopsys-bridge-commands.dita">Outputs JSON format logs in the
                                            <codeph class="+ topic/ph pr-d/codeph " xtrc="codeph:10;59:53" xtrf="file:/Users/lperson/repos/bridge/src/en/documentation/c_complete-list-of-synopsys-bridge-commands.dita">bridge.log</codeph> file in the Synopsys Bridge
                                        home directory. See <xref class="- topic/xref " href="c_logging-and-diagnostics.dita" type="topic" xtrc="xref:2;61:83" xtrf="file:/Users/lperson/repos/bridge/src/en/documentation/c_complete-list-of-synopsys-bridge-commands.dita"><?ditaot usertext?>Logging and
                                            Diagnostics</xref>.</entry>
                                    <entry class="- topic/entry " colname="col3" dita-ot:x="3" dita-ot:y="7" xtrc="entry:21;63:44" xtrf="file:/Users/lperson/repos/bridge/src/en/documentation/c_complete-list-of-synopsys-bridge-commands.dita">No</entry>
                                </row>
                                <row class="- topic/row " xtrc="row:8;65:38" xtrf="file:/Users/lperson/repos/bridge/src/en/documentation/c_complete-list-of-synopsys-bridge-commands.dita">
                                    <entry class="- topic/entry " colname="col1" dita-ot:x="1" dita-ot:y="8" xtrc="entry:22;66:44" xtrf="file:/Users/lperson/repos/bridge/src/en/documentation/c_complete-list-of-synopsys-bridge-commands.dita"><codeph class="+ topic/ph pr-d/codeph " xtrc="codeph:11;66:52" xtrf="file:/Users/lperson/repos/bridge/src/en/documentation/c_complete-list-of-synopsys-bridge-commands.dita"><b class="+ topic/ph hi-d/b " xtrc="b:7;66:55" xtrf="file:/Users/lperson/repos/bridge/src/en/documentation/c_complete-list-of-synopsys-bridge-commands.dita">--diagnostics</b></codeph></entry>
                                    <entry class="- topic/entry " colname="col2" dita-ot:x="2" dita-ot:y="8" xtrc="entry:23;67:44" xtrf="file:/Users/lperson/repos/bridge/src/en/documentation/c_complete-list-of-synopsys-bridge-commands.dita">Enables debug logs under the Synopsys Bridge home
                                        directory. Creates a <codeph class="+ topic/ph pr-d/codeph " xtrc="codeph:12;68:70" xtrf="file:/Users/lperson/repos/bridge/src/en/documentation/c_complete-list-of-synopsys-bridge-commands.dita">diagnostics.json</codeph> file
                                        containing the final state data inside the Synopsys Bridge
                                        home directory, but masking sensitive information like
                                        tokens and passwords. See <xref class="- topic/xref " href="c_logging-and-diagnostics.dita" type="topic" xtrc="xref:3;72:83" xtrf="file:/Users/lperson/repos/bridge/src/en/documentation/c_complete-list-of-synopsys-bridge-commands.dita"><?ditaot usertext?>Logging and
                                            Diagnostics</xref>.</entry>
                                    <entry class="- topic/entry " colname="col3" dita-ot:x="3" dita-ot:y="8" xtrc="entry:24;74:44" xtrf="file:/Users/lperson/repos/bridge/src/en/documentation/c_complete-list-of-synopsys-bridge-commands.dita">No</entry>
                                </row>
                            </tbody>
                        </tgroup>
                    </table></p>
            </section>
            <section class="- topic/section " id="section_hvm_dvt_5xb" xtrc="section:2;80:47" xtrf="file:/Users/lperson/repos/bridge/src/en/documentation/c_complete-list-of-synopsys-bridge-commands.dita">
                <title class="- topic/title " xtrc="title:3;81:24" xtrf="file:/Users/lperson/repos/bridge/src/en/documentation/c_complete-list-of-synopsys-bridge-commands.dita">Polaris</title>
                <p class="- topic/p " xtrc="p:4;82:20" xtrf="file:/Users/lperson/repos/bridge/src/en/documentation/c_complete-list-of-synopsys-bridge-commands.dita">
                    <table class="- topic/table " frame="all" id="table_uhl_x3r_wxb" xtrc="table:2;83:63" xtrf="file:/Users/lperson/repos/bridge/src/en/documentation/c_complete-list-of-synopsys-bridge-commands.dita">
                        <tgroup class="- topic/tgroup " cols="3" xtrc="tgroup:2;84:42" xtrf="file:/Users/lperson/repos/bridge/src/en/documentation/c_complete-list-of-synopsys-bridge-commands.dita">
                            <colspec class="- topic/colspec " colname="col1" colnum="1" colwidth="1.32*" xtrc="colspec:4;85:80" xtrf="file:/Users/lperson/repos/bridge/src/en/documentation/c_complete-list-of-synopsys-bridge-commands.dita"/>
                            <colspec class="- topic/colspec " colname="col2" colnum="2" colwidth="2.01*" xtrc="colspec:5;86:80" xtrf="file:/Users/lperson/repos/bridge/src/en/documentation/c_complete-list-of-synopsys-bridge-commands.dita"/>
                            <colspec class="- topic/colspec " colname="col3" colnum="3" colwidth="1*" xtrc="colspec:6;87:77" xtrf="file:/Users/lperson/repos/bridge/src/en/documentation/c_complete-list-of-synopsys-bridge-commands.dita"/>
                            <thead class="- topic/thead " xtrc="thead:2;88:36" xtrf="file:/Users/lperson/repos/bridge/src/en/documentation/c_complete-list-of-synopsys-bridge-commands.dita">
                                <row class="- topic/row " xtrc="row:9;89:38" xtrf="file:/Users/lperson/repos/bridge/src/en/documentation/c_complete-list-of-synopsys-bridge-commands.dita">
                                    <entry class="- topic/entry " colname="col1" dita-ot:x="1" dita-ot:y="1" xtrc="entry:25;90:44" xtrf="file:/Users/lperson/repos/bridge/src/en/documentation/c_complete-list-of-synopsys-bridge-commands.dita">Command</entry>
                                    <entry class="- topic/entry " colname="col2" dita-ot:x="2" dita-ot:y="1" xtrc="entry:26;91:44" xtrf="file:/Users/lperson/repos/bridge/src/en/documentation/c_complete-list-of-synopsys-bridge-commands.dita">Description</entry>
                                    <entry class="- topic/entry " colname="col3" dita-ot:x="3" dita-ot:y="1" xtrc="entry:27;92:44" xtrf="file:/Users/lperson/repos/bridge/src/en/documentation/c_complete-list-of-synopsys-bridge-commands.dita">Required?</entry>
                                </row>
                            </thead>
                            <tbody class="- topic/tbody " xtrc="tbody:2;95:36" xtrf="file:/Users/lperson/repos/bridge/src/en/documentation/c_complete-list-of-synopsys-bridge-commands.dita">
                                <row class="- topic/row " xtrc="row:10;96:38" xtrf="file:/Users/lperson/repos/bridge/src/en/documentation/c_complete-list-of-synopsys-bridge-commands.dita">
                                    <entry class="- topic/entry " colname="col1" dita-ot:x="1" dita-ot:y="2" xtrc="entry:28;97:44" xtrf="file:/Users/lperson/repos/bridge/src/en/documentation/c_complete-list-of-synopsys-bridge-commands.dita"><codeph class="+ topic/ph pr-d/codeph " xtrc="codeph:13;97:52" xtrf="file:/Users/lperson/repos/bridge/src/en/documentation/c_complete-list-of-synopsys-bridge-commands.dita"><b class="+ topic/ph hi-d/b " xtrc="b:8;97:55" xtrf="file:/Users/lperson/repos/bridge/src/en/documentation/c_complete-list-of-synopsys-bridge-commands.dita">BRIDGE_POLARIS_ACCESSTOKEN</b></codeph></entry>
                                    <entry class="- topic/entry " colname="col2" dita-ot:x="2" dita-ot:y="2" xtrc="entry:29;98:44" xtrf="file:/Users/lperson/repos/bridge/src/en/documentation/c_complete-list-of-synopsys-bridge-commands.dita">Aceess token to authenticate with Polaris. </entry>
                                    <entry class="- topic/entry " colname="col3" dita-ot:x="3" dita-ot:y="2" xtrc="entry:30;99:44" xtrf="file:/Users/lperson/repos/bridge/src/en/documentation/c_complete-list-of-synopsys-bridge-commands.dita">Yes</entry>
                                </row>
                                <row class="- topic/row " xtrc="row:11;101:38" xtrf="file:/Users/lperson/repos/bridge/src/en/documentation/c_complete-list-of-synopsys-bridge-commands.dita">
                                    <entry class="- topic/entry " colname="col1" dita-ot:x="1" dita-ot:y="3" xtrc="entry:31;102:44" xtrf="file:/Users/lperson/repos/bridge/src/en/documentation/c_complete-list-of-synopsys-bridge-commands.dita"><codeph class="+ topic/ph pr-d/codeph " xtrc="codeph:14;102:52" xtrf="file:/Users/lperson/repos/bridge/src/en/documentation/c_complete-list-of-synopsys-bridge-commands.dita"><b class="+ topic/ph hi-d/b " xtrc="b:9;102:55" xtrf="file:/Users/lperson/repos/bridge/src/en/documentation/c_complete-list-of-synopsys-bridge-commands.dita">BRIDGE_POLARIS_APPLICATION_NAME</b></codeph></entry>
                                    <entry class="- topic/entry " colname="col2" dita-ot:x="2" dita-ot:y="3" xtrc="entry:32;103:44" xtrf="file:/Users/lperson/repos/bridge/src/en/documentation/c_complete-list-of-synopsys-bridge-commands.dita">Name of the application to scan.</entry>
                                    <entry class="- topic/entry " colname="col3" dita-ot:x="3" dita-ot:y="3" xtrc="entry:33;104:44" xtrf="file:/Users/lperson/repos/bridge/src/en/documentation/c_complete-list-of-synopsys-bridge-commands.dita">Yes</entry>
                                </row>
                                <row class="- topic/row " xtrc="row:12;106:38" xtrf="file:/Users/lperson/repos/bridge/src/en/documentation/c_complete-list-of-synopsys-bridge-commands.dita">
                                    <entry class="- topic/entry " colname="col1" dita-ot:x="1" dita-ot:y="4" xtrc="entry:34;107:44" xtrf="file:/Users/lperson/repos/bridge/src/en/documentation/c_complete-list-of-synopsys-bridge-commands.dita"><codeph class="+ topic/ph pr-d/codeph " xtrc="codeph:15;107:52" xtrf="file:/Users/lperson/repos/bridge/src/en/documentation/c_complete-list-of-synopsys-bridge-commands.dita"><b class="+ topic/ph hi-d/b " xtrc="b:10;107:55" xtrf="file:/Users/lperson/repos/bridge/src/en/documentation/c_complete-list-of-synopsys-bridge-commands.dita">BRIDGE_POLARIS_PROJECT_NAME</b></codeph></entry>
                                    <entry class="- topic/entry " colname="col2" dita-ot:x="2" dita-ot:y="4" xtrc="entry:35;108:44" xtrf="file:/Users/lperson/repos/bridge/src/en/documentation/c_complete-list-of-synopsys-bridge-commands.dita">Name of the project.</entry>
                                    <entry class="- topic/entry " colname="col3" dita-ot:x="3" dita-ot:y="4" xtrc="entry:36;109:44" xtrf="file:/Users/lperson/repos/bridge/src/en/documentation/c_complete-list-of-synopsys-bridge-commands.dita">Yes (if it doesn't already exist, Polaris will create it)
                                    </entry>
                                </row>
                                <row class="- topic/row " xtrc="row:13;112:38" xtrf="file:/Users/lperson/repos/bridge/src/en/documentation/c_complete-list-of-synopsys-bridge-commands.dita">
                                    <entry class="- topic/entry " colname="col1" dita-ot:x="1" dita-ot:y="5" xtrc="entry:37;113:44" xtrf="file:/Users/lperson/repos/bridge/src/en/documentation/c_complete-list-of-synopsys-bridge-commands.dita">
                                        <codeph class="+ topic/ph pr-d/codeph " xtrc="codeph:16;114:49" xtrf="file:/Users/lperson/repos/bridge/src/en/documentation/c_complete-list-of-synopsys-bridge-commands.dita"><b class="+ topic/ph hi-d/b " xtrc="b:11;114:52" xtrf="file:/Users/lperson/repos/bridge/src/en/documentation/c_complete-list-of-synopsys-bridge-commands.dita">BRIDGE_POLARIS_PROJECT_BRANCH_NAME</b></codeph></entry>
                                    <entry class="- topic/entry " colname="col2" dita-ot:x="2" dita-ot:y="5" xtrc="entry:38;115:44" xtrf="file:/Users/lperson/repos/bridge/src/en/documentation/c_complete-list-of-synopsys-bridge-commands.dita">Name of the branch to scan,</entry>
                                    <entry class="- topic/entry " colname="col3" dita-ot:x="3" dita-ot:y="5" xtrc="entry:39;116:44" xtrf="file:/Users/lperson/repos/bridge/src/en/documentation/c_complete-list-of-synopsys-bridge-commands.dita">No.</entry>
                                </row>
                                <row class="- topic/row " xtrc="row:14;118:38" xtrf="file:/Users/lperson/repos/bridge/src/en/documentation/c_complete-list-of-synopsys-bridge-commands.dita">
                                    <entry class="- topic/entry " colname="col1" dita-ot:x="1" dita-ot:y="6" xtrc="entry:40;119:44" xtrf="file:/Users/lperson/repos/bridge/src/en/documentation/c_complete-list-of-synopsys-bridge-commands.dita"><codeph class="+ topic/ph pr-d/codeph " xtrc="codeph:17;119:52" xtrf="file:/Users/lperson/repos/bridge/src/en/documentation/c_complete-list-of-synopsys-bridge-commands.dita"><b class="+ topic/ph hi-d/b " xtrc="b:12;119:55" xtrf="file:/Users/lperson/repos/bridge/src/en/documentation/c_complete-list-of-synopsys-bridge-commands.dita">BRIDGE_POLARIS_ASSESSMENT_TYPES</b></codeph></entry>
                                    <entry class="- topic/entry " colname="col2" dita-ot:x="2" dita-ot:y="6" xtrc="entry:41;120:44" xtrf="file:/Users/lperson/repos/bridge/src/en/documentation/c_complete-list-of-synopsys-bridge-commands.dita">Must be SAST (Coverity), SCA (Black Duck), or
                                        both.</entry>
                                    <entry class="- topic/entry " colname="col3" dita-ot:x="3" dita-ot:y="6" xtrc="entry:42;122:44" xtrf="file:/Users/lperson/repos/bridge/src/en/documentation/c_complete-list-of-synopsys-bridge-commands.dita">Yes</entry>
                                </row>
                                <row class="- topic/row " xtrc="row:15;124:38" xtrf="file:/Users/lperson/repos/bridge/src/en/documentation/c_complete-list-of-synopsys-bridge-commands.dita">
                                    <entry class="- topic/entry " colname="col1" dita-ot:x="1" dita-ot:y="7" xtrc="entry:43;125:44" xtrf="file:/Users/lperson/repos/bridge/src/en/documentation/c_complete-list-of-synopsys-bridge-commands.dita"><codeph class="+ topic/ph pr-d/codeph " xtrc="codeph:18;125:52" xtrf="file:/Users/lperson/repos/bridge/src/en/documentation/c_complete-list-of-synopsys-bridge-commands.dita"><b class="+ topic/ph hi-d/b " xtrc="b:13;125:55" xtrf="file:/Users/lperson/repos/bridge/src/en/documentation/c_complete-list-of-synopsys-bridge-commands.dita">BRIDGE_POLARIS_ONBOARDING</b></codeph></entry>
                                    <entry class="- topic/entry " colname="col2" dita-ot:x="2" dita-ot:y="7" xtrc="entry:44;126:44" xtrf="file:/Users/lperson/repos/bridge/src/en/documentation/c_complete-list-of-synopsys-bridge-commands.dita">Indictes whether the scanned applications need to be
                                        onboarded to Polaris or not. Default is
                                            <codeph class="+ topic/ph pr-d/codeph " xtrc="codeph:19;128:53" xtrf="file:/Users/lperson/repos/bridge/src/en/documentation/c_complete-list-of-synopsys-bridge-commands.dita">true</codeph>.</entry>
                                    <entry class="- topic/entry " colname="col3" dita-ot:x="3" dita-ot:y="7" xtrc="entry:45;129:44" xtrf="file:/Users/lperson/repos/bridge/src/en/documentation/c_complete-list-of-synopsys-bridge-commands.dita">No</entry>
                                </row>
                                <row class="- topic/row " xtrc="row:16;131:38" xtrf="file:/Users/lperson/repos/bridge/src/en/documentation/c_complete-list-of-synopsys-bridge-commands.dita">
                                    <entry class="- topic/entry " colname="col1" dita-ot:x="1" dita-ot:y="8" xtrc="entry:46;132:44" xtrf="file:/Users/lperson/repos/bridge/src/en/documentation/c_complete-list-of-synopsys-bridge-commands.dita">
                                        <codeph class="+ topic/ph pr-d/codeph " xtrc="codeph:20;133:49" xtrf="file:/Users/lperson/repos/bridge/src/en/documentation/c_complete-list-of-synopsys-bridge-commands.dita"><b class="+ topic/ph hi-d/b " xtrc="b:14;133:52" xtrf="file:/Users/lperson/repos/bridge/src/en/documentation/c_complete-list-of-synopsys-bridge-commands.dita">BRIDGE_POLARIS_SERVERURL</b></codeph></entry>
                                    <entry class="- topic/entry " colname="col2" dita-ot:x="2" dita-ot:y="8" xtrc="entry:47;134:44" xtrf="file:/Users/lperson/repos/bridge/src/en/documentation/c_complete-list-of-synopsys-bridge-commands.dita">URL for the Polaris server.</entry>
                                    <entry class="- topic/entry " colname="col3" dita-ot:x="3" dita-ot:y="8" xtrc="entry:48;135:44" xtrf="file:/Users/lperson/repos/bridge/src/en/documentation/c_complete-list-of-synopsys-bridge-commands.dita">Yes</entry>
                                </row>
                                <row class="- topic/row " xtrc="row:17;137:38" xtrf="file:/Users/lperson/repos/bridge/src/en/documentation/c_complete-list-of-synopsys-bridge-commands.dita">
                                    <entry class="- topic/entry " colname="col1" dita-ot:x="1" dita-ot:y="9" xtrc="entry:49;138:44" xtrf="file:/Users/lperson/repos/bridge/src/en/documentation/c_complete-list-of-synopsys-bridge-commands.dita"><codeph class="+ topic/ph pr-d/codeph " xtrc="codeph:21;138:52" xtrf="file:/Users/lperson/repos/bridge/src/en/documentation/c_complete-list-of-synopsys-bridge-commands.dita"><b class="+ topic/ph hi-d/b " xtrc="b:15;138:55" xtrf="file:/Users/lperson/repos/bridge/src/en/documentation/c_complete-list-of-synopsys-bridge-commands.dita"> BRIDGE_PROJECT_DIRECTORY</b></codeph></entry>
                                    <entry class="- topic/entry " colname="col2" dita-ot:x="2" dita-ot:y="9" xtrc="entry:50;139:44" xtrf="file:/Users/lperson/repos/bridge/src/en/documentation/c_complete-list-of-synopsys-bridge-commands.dita">Directory to scan. Current directory is the
                                        default.</entry>
                                    <entry class="- topic/entry " colname="col3" dita-ot:x="3" dita-ot:y="9" xtrc="entry:51;141:44" xtrf="file:/Users/lperson/repos/bridge/src/en/documentation/c_complete-list-of-synopsys-bridge-commands.dita">No</entry>
                                </row>
                                <row class="- topic/row " xtrc="row:18;143:38" xtrf="file:/Users/lperson/repos/bridge/src/en/documentation/c_complete-list-of-synopsys-bridge-commands.dita">
                                    <entry class="- topic/entry " colname="col1" dita-ot:x="1" dita-ot:y="10" xtrc="entry:52;144:44" xtrf="file:/Users/lperson/repos/bridge/src/en/documentation/c_complete-list-of-synopsys-bridge-commands.dita"><codeph class="+ topic/ph pr-d/codeph " xtrc="codeph:22;144:52" xtrf="file:/Users/lperson/repos/bridge/src/en/documentation/c_complete-list-of-synopsys-bridge-commands.dita"><b class="+ topic/ph hi-d/b " xtrc="b:16;144:55" xtrf="file:/Users/lperson/repos/bridge/src/en/documentation/c_complete-list-of-synopsys-bridge-commands.dita">BRIDGE_TOOL_INSTALL_DIRECTORY</b></codeph></entry>
                                    <entry class="- topic/entry " colname="col2" dita-ot:x="2" dita-ot:y="10" xtrc="entry:53;145:44" xtrf="file:/Users/lperson/repos/bridge/src/en/documentation/c_complete-list-of-synopsys-bridge-commands.dita">Directory to install scan tools. Default is
                                            <codeph class="+ topic/ph pr-d/codeph " xtrc="codeph:23;146:53" xtrf="file:/Users/lperson/repos/bridge/src/en/documentation/c_complete-list-of-synopsys-bridge-commands.dita">$HOME/.bridge</codeph>.</entry>
                                    <entry class="- topic/entry " colname="col3" dita-ot:x="3" dita-ot:y="10" xtrc="entry:54;147:44" xtrf="file:/Users/lperson/repos/bridge/src/en/documentation/c_complete-list-of-synopsys-bridge-commands.dita">No</entry>
                                </row>
                            </tbody>
                        </tgroup>
                    </table>
                </p>
            </section>
            <section class="- topic/section " id="section_g4r_gvt_5xb" xtrc="section:3;154:47" xtrf="file:/Users/lperson/repos/bridge/src/en/documentation/c_complete-list-of-synopsys-bridge-commands.dita">
                <title class="- topic/title " xtrc="title:4;155:24" xtrf="file:/Users/lperson/repos/bridge/src/en/documentation/c_complete-list-of-synopsys-bridge-commands.dita">Black Duck</title>
                <p class="- topic/p " xtrc="p:5;156:20" xtrf="file:/Users/lperson/repos/bridge/src/en/documentation/c_complete-list-of-synopsys-bridge-commands.dita">
                    <table class="- topic/table " frame="all" id="table_gmj_53s_wxb" xtrc="table:3;157:63" xtrf="file:/Users/lperson/repos/bridge/src/en/documentation/c_complete-list-of-synopsys-bridge-commands.dita">
                        <tgroup class="- topic/tgroup " cols="3" xtrc="tgroup:3;158:42" xtrf="file:/Users/lperson/repos/bridge/src/en/documentation/c_complete-list-of-synopsys-bridge-commands.dita">
                            <colspec class="- topic/colspec " colname="col1" colnum="1" colwidth="1.32*" xtrc="colspec:7;159:80" xtrf="file:/Users/lperson/repos/bridge/src/en/documentation/c_complete-list-of-synopsys-bridge-commands.dita"/>
                            <colspec class="- topic/colspec " colname="col2" colnum="2" colwidth="2.01*" xtrc="colspec:8;160:80" xtrf="file:/Users/lperson/repos/bridge/src/en/documentation/c_complete-list-of-synopsys-bridge-commands.dita"/>
                            <colspec class="- topic/colspec " colname="col3" colnum="3" colwidth="1*" xtrc="colspec:9;161:77" xtrf="file:/Users/lperson/repos/bridge/src/en/documentation/c_complete-list-of-synopsys-bridge-commands.dita"/>
                            <thead class="- topic/thead " xtrc="thead:3;162:36" xtrf="file:/Users/lperson/repos/bridge/src/en/documentation/c_complete-list-of-synopsys-bridge-commands.dita">
                                <row class="- topic/row " xtrc="row:19;163:38" xtrf="file:/Users/lperson/repos/bridge/src/en/documentation/c_complete-list-of-synopsys-bridge-commands.dita">
                                    <entry class="- topic/entry " colname="col1" dita-ot:x="1" dita-ot:y="1" xtrc="entry:55;164:44" xtrf="file:/Users/lperson/repos/bridge/src/en/documentation/c_complete-list-of-synopsys-bridge-commands.dita">Command</entry>
                                    <entry class="- topic/entry " colname="col2" dita-ot:x="2" dita-ot:y="1" xtrc="entry:56;165:44" xtrf="file:/Users/lperson/repos/bridge/src/en/documentation/c_complete-list-of-synopsys-bridge-commands.dita">Description</entry>
                                    <entry class="- topic/entry " colname="col3" dita-ot:x="3" dita-ot:y="1" xtrc="entry:57;166:44" xtrf="file:/Users/lperson/repos/bridge/src/en/documentation/c_complete-list-of-synopsys-bridge-commands.dita">Required?</entry>
                                </row>
                            </thead>
                            <tbody class="- topic/tbody " xtrc="tbody:3;169:36" xtrf="file:/Users/lperson/repos/bridge/src/en/documentation/c_complete-list-of-synopsys-bridge-commands.dita">
                                <row class="- topic/row " xtrc="row:20;170:38" xtrf="file:/Users/lperson/repos/bridge/src/en/documentation/c_complete-list-of-synopsys-bridge-commands.dita">
                                    <entry class="- topic/entry " colname="col1" dita-ot:x="1" dita-ot:y="2" xtrc="entry:58;171:44" xtrf="file:/Users/lperson/repos/bridge/src/en/documentation/c_complete-list-of-synopsys-bridge-commands.dita"><codeph class="+ topic/ph pr-d/codeph " xtrc="codeph:24;171:52" xtrf="file:/Users/lperson/repos/bridge/src/en/documentation/c_complete-list-of-synopsys-bridge-commands.dita"><b class="+ topic/ph hi-d/b " xtrc="b:17;171:55" xtrf="file:/Users/lperson/repos/bridge/src/en/documentation/c_complete-list-of-synopsys-bridge-commands.dita">BRIDGE_BLACKDUCK_TOKEN</b></codeph></entry>
                                    <entry class="- topic/entry " colname="col2" dita-ot:x="2" dita-ot:y="2" xtrc="entry:59;172:44" xtrf="file:/Users/lperson/repos/bridge/src/en/documentation/c_complete-list-of-synopsys-bridge-commands.dita">Secret API access token.</entry>
                                    <entry class="- topic/entry " colname="col3" dita-ot:x="3" dita-ot:y="2" xtrc="entry:60;173:44" xtrf="file:/Users/lperson/repos/bridge/src/en/documentation/c_complete-list-of-synopsys-bridge-commands.dita">Yes</entry>
                                </row>
                                <row class="- topic/row " xtrc="row:21;175:38" xtrf="file:/Users/lperson/repos/bridge/src/en/documentation/c_complete-list-of-synopsys-bridge-commands.dita">
                                    <entry class="- topic/entry " colname="col1" dita-ot:x="1" dita-ot:y="3" xtrc="entry:61;176:44" xtrf="file:/Users/lperson/repos/bridge/src/en/documentation/c_complete-list-of-synopsys-bridge-commands.dita"><codeph class="+ topic/ph pr-d/codeph " xtrc="codeph:25;176:52" xtrf="file:/Users/lperson/repos/bridge/src/en/documentation/c_complete-list-of-synopsys-bridge-commands.dita"><b class="+ topic/ph hi-d/b " xtrc="b:18;176:55" xtrf="file:/Users/lperson/repos/bridge/src/en/documentation/c_complete-list-of-synopsys-bridge-commands.dita">BRIDGE_BLACKDUCK_URL</b></codeph></entry>
                                    <entry class="- topic/entry " colname="col2" dita-ot:x="2" dita-ot:y="3" xtrc="entry:62;177:44" xtrf="file:/Users/lperson/repos/bridge/src/en/documentation/c_complete-list-of-synopsys-bridge-commands.dita">Black Duck server URL.</entry>
                                    <entry class="- topic/entry " colname="col3" dita-ot:x="3" dita-ot:y="3" xtrc="entry:63;178:44" xtrf="file:/Users/lperson/repos/bridge/src/en/documentation/c_complete-list-of-synopsys-bridge-commands.dita">Yes</entry>
                                </row>
                                <row class="- topic/row " xtrc="row:22;180:38" xtrf="file:/Users/lperson/repos/bridge/src/en/documentation/c_complete-list-of-synopsys-bridge-commands.dita">
                                    <entry class="- topic/entry " colname="col1" dita-ot:x="1" dita-ot:y="4" xtrc="entry:64;181:44" xtrf="file:/Users/lperson/repos/bridge/src/en/documentation/c_complete-list-of-synopsys-bridge-commands.dita"><codeph class="+ topic/ph pr-d/codeph " xtrc="codeph:26;181:52" xtrf="file:/Users/lperson/repos/bridge/src/en/documentation/c_complete-list-of-synopsys-bridge-commands.dita"><b class="+ topic/ph hi-d/b " xtrc="b:19;181:55" xtrf="file:/Users/lperson/repos/bridge/src/en/documentation/c_complete-list-of-synopsys-bridge-commands.dita">BRIDGE_BLACKDUCK_PROJECT</b></codeph></entry>
                                    <entry class="- topic/entry " colname="col2" dita-ot:x="2" dita-ot:y="4" xtrc="entry:65;182:44" xtrf="file:/Users/lperson/repos/bridge/src/en/documentation/c_complete-list-of-synopsys-bridge-commands.dita">Black Duck project to scan.</entry>
                                    <entry class="- topic/entry " colname="col3" dita-ot:x="3" dita-ot:y="4" xtrc="entry:66;183:44" xtrf="file:/Users/lperson/repos/bridge/src/en/documentation/c_complete-list-of-synopsys-bridge-commands.dita">Yes</entry>
                                </row>
                                <row class="- topic/row " xtrc="row:23;185:38" xtrf="file:/Users/lperson/repos/bridge/src/en/documentation/c_complete-list-of-synopsys-bridge-commands.dita">
                                    <entry class="- topic/entry " colname="col1" dita-ot:x="1" dita-ot:y="5" xtrc="entry:67;186:44" xtrf="file:/Users/lperson/repos/bridge/src/en/documentation/c_complete-list-of-synopsys-bridge-commands.dita">
                                        <codeph class="+ topic/ph pr-d/codeph " xtrc="codeph:27;187:49" xtrf="file:/Users/lperson/repos/bridge/src/en/documentation/c_complete-list-of-synopsys-bridge-commands.dita"><b class="+ topic/ph hi-d/b " xtrc="b:20;187:52" xtrf="file:/Users/lperson/repos/bridge/src/en/documentation/c_complete-list-of-synopsys-bridge-commands.dita">BRIDGE_BLACKDUCK_AUTOMATION_FIXPR</b></codeph></entry>
                                    <entry class="- topic/entry " colname="col2" dita-ot:x="2" dita-ot:y="5" xtrc="entry:68;188:44" xtrf="file:/Users/lperson/repos/bridge/src/en/documentation/c_complete-list-of-synopsys-bridge-commands.dita">True enables automatic Fix PR creation. By default, fix
                                        pull request creation will be disabled. To enable this
                                        feature, set to <codeph class="+ topic/ph pr-d/codeph " xtrc="codeph:28;190:65" xtrf="file:/Users/lperson/repos/bridge/src/en/documentation/c_complete-list-of-synopsys-bridge-commands.dita">true</codeph>.</entry>
                                    <entry class="- topic/entry " colname="col3" dita-ot:x="3" dita-ot:y="5" xtrc="entry:69;191:44" xtrf="file:/Users/lperson/repos/bridge/src/en/documentation/c_complete-list-of-synopsys-bridge-commands.dita">No.</entry>
                                </row>
                                <row class="- topic/row " xtrc="row:24;193:38" xtrf="file:/Users/lperson/repos/bridge/src/en/documentation/c_complete-list-of-synopsys-bridge-commands.dita">
                                    <entry class="- topic/entry " colname="col1" dita-ot:x="1" dita-ot:y="6" xtrc="entry:70;194:44" xtrf="file:/Users/lperson/repos/bridge/src/en/documentation/c_complete-list-of-synopsys-bridge-commands.dita"><codeph class="+ topic/ph pr-d/codeph " xtrc="codeph:29;194:52" xtrf="file:/Users/lperson/repos/bridge/src/en/documentation/c_complete-list-of-synopsys-bridge-commands.dita"><b class="+ topic/ph hi-d/b " xtrc="b:21;194:55" xtrf="file:/Users/lperson/repos/bridge/src/en/documentation/c_complete-list-of-synopsys-bridge-commands.dita">BRIDGE_BLACKDUCK_AUTOMATION_PRCOMMENT</b></codeph></entry>
                                    <entry class="- topic/entry " colname="col2" dita-ot:x="2" dita-ot:y="6" xtrc="entry:71;195:44" xtrf="file:/Users/lperson/repos/bridge/src/en/documentation/c_complete-list-of-synopsys-bridge-commands.dita">Flag to enable automatic pull request comment based on
                                        Black Duck scan result. (<codeph class="+ topic/ph pr-d/codeph " xtrc="codeph:30;196:74" xtrf="file:/Users/lperson/repos/bridge/src/en/documentation/c_complete-list-of-synopsys-bridge-commands.dita">true</codeph> or
                                            <codeph class="+ topic/ph pr-d/codeph " xtrc="codeph:31;197:53" xtrf="file:/Users/lperson/repos/bridge/src/en/documentation/c_complete-list-of-synopsys-bridge-commands.dita">false</codeph>).</entry>
                                    <entry class="- topic/entry " colname="col3" dita-ot:x="3" dita-ot:y="6" xtrc="entry:72;198:44" xtrf="file:/Users/lperson/repos/bridge/src/en/documentation/c_complete-list-of-synopsys-bridge-commands.dita">No</entry>
                                </row>
                                <row class="- topic/row " xtrc="row:25;200:38" xtrf="file:/Users/lperson/repos/bridge/src/en/documentation/c_complete-list-of-synopsys-bridge-commands.dita">
                                    <entry class="- topic/entry " colname="col1" dita-ot:x="1" dita-ot:y="7" xtrc="entry:73;201:44" xtrf="file:/Users/lperson/repos/bridge/src/en/documentation/c_complete-list-of-synopsys-bridge-commands.dita"><codeph class="+ topic/ph pr-d/codeph " xtrc="codeph:32;201:52" xtrf="file:/Users/lperson/repos/bridge/src/en/documentation/c_complete-list-of-synopsys-bridge-commands.dita">
                                            <b class="+ topic/ph hi-d/b " xtrc="b:22;202:48" xtrf="file:/Users/lperson/repos/bridge/src/en/documentation/c_complete-list-of-synopsys-bridge-commands.dita">BRIDGE_BLACKDUCK_INSTALL_DIRECTORY</b></codeph></entry>
                                    <entry class="- topic/entry " colname="col2" dita-ot:x="2" dita-ot:y="7" xtrc="entry:74;203:44" xtrf="file:/Users/lperson/repos/bridge/src/en/documentation/c_complete-list-of-synopsys-bridge-commands.dita">Directory where Black Duck will be installed.</entry>
                                    <entry class="- topic/entry " colname="col3" dita-ot:x="3" dita-ot:y="7" xtrc="entry:75;204:44" xtrf="file:/Users/lperson/repos/bridge/src/en/documentation/c_complete-list-of-synopsys-bridge-commands.dita">No</entry>
                                </row>
                                <row class="- topic/row " xtrc="row:26;206:38" xtrf="file:/Users/lperson/repos/bridge/src/en/documentation/c_complete-list-of-synopsys-bridge-commands.dita">
                                    <entry class="- topic/entry " colname="col1" dita-ot:x="1" dita-ot:y="8" xtrc="entry:76;207:44" xtrf="file:/Users/lperson/repos/bridge/src/en/documentation/c_complete-list-of-synopsys-bridge-commands.dita"><codeph class="+ topic/ph pr-d/codeph " xtrc="codeph:33;207:52" xtrf="file:/Users/lperson/repos/bridge/src/en/documentation/c_complete-list-of-synopsys-bridge-commands.dita">
                                            <b class="+ topic/ph hi-d/b " xtrc="b:23;208:48" xtrf="file:/Users/lperson/repos/bridge/src/en/documentation/c_complete-list-of-synopsys-bridge-commands.dita">BRIDGE_BLACKDUCK_SCAN_FAILURE_SEVERITIES</b></codeph></entry>
                                    <entry class="- topic/entry " colname="col2" dita-ot:x="2" dita-ot:y="8" xtrc="entry:77;209:44" xtrf="file:/Users/lperson/repos/bridge/src/en/documentation/c_complete-list-of-synopsys-bridge-commands.dita">Black Duck scan failure severities . Possible values are
                                        ALL,NONE,BLOCKER,CRITICAL,MAJOR,MINOR,OK,TRIVIAL,UNSPECIFIED</entry>
                                    <entry class="- topic/entry " colname="col3" dita-ot:x="3" dita-ot:y="8" xtrc="entry:78;211:44" xtrf="file:/Users/lperson/repos/bridge/src/en/documentation/c_complete-list-of-synopsys-bridge-commands.dita">No</entry>
                                </row>
                                <row class="- topic/row " xtrc="row:27;213:38" xtrf="file:/Users/lperson/repos/bridge/src/en/documentation/c_complete-list-of-synopsys-bridge-commands.dita">
                                    <entry class="- topic/entry " colname="col1" dita-ot:x="1" dita-ot:y="9" xtrc="entry:79;214:44" xtrf="file:/Users/lperson/repos/bridge/src/en/documentation/c_complete-list-of-synopsys-bridge-commands.dita"><codeph class="+ topic/ph pr-d/codeph " xtrc="codeph:34;214:52" xtrf="file:/Users/lperson/repos/bridge/src/en/documentation/c_complete-list-of-synopsys-bridge-commands.dita"><b class="+ topic/ph hi-d/b " xtrc="b:24;214:55" xtrf="file:/Users/lperson/repos/bridge/src/en/documentation/c_complete-list-of-synopsys-bridge-commands.dita">BRIDGE_BLACKDUCK_SCAN_FULL</b></codeph>
                                    </entry>
                                    <entry class="- topic/entry " colname="col2" dita-ot:x="2" dita-ot:y="9" xtrc="entry:80;216:44" xtrf="file:/Users/lperson/repos/bridge/src/en/documentation/c_complete-list-of-synopsys-bridge-commands.dita">To enable full scan set as <codeph class="+ topic/ph pr-d/codeph " xtrc="codeph:35;216:79" xtrf="file:/Users/lperson/repos/bridge/src/en/documentation/c_complete-list-of-synopsys-bridge-commands.dita">true</codeph>. By
                                        default, pushes initiate a full "intelligent" scan and pull
                                        requests initiate a rapid scan. </entry>
                                    <entry class="- topic/entry " colname="col3" dita-ot:x="3" dita-ot:y="9" xtrc="entry:81;219:44" xtrf="file:/Users/lperson/repos/bridge/src/en/documentation/c_complete-list-of-synopsys-bridge-commands.dita">No</entry>
                                </row>
                            </tbody>
                        </tgroup>
                    </table>
                </p>
            </section>
            <section class="- topic/section " id="section_qkc_3c5_5xb" xtrc="section:4;226:47" xtrf="file:/Users/lperson/repos/bridge/src/en/documentation/c_complete-list-of-synopsys-bridge-commands.dita">
                <title class="- topic/title " xtrc="title:5;227:24" xtrf="file:/Users/lperson/repos/bridge/src/en/documentation/c_complete-list-of-synopsys-bridge-commands.dita">Coverity Connect</title>
                <p class="- topic/p " xtrc="p:6;228:20" xtrf="file:/Users/lperson/repos/bridge/src/en/documentation/c_complete-list-of-synopsys-bridge-commands.dita">
                    <table class="- topic/table " frame="all" id="table_l3g_2ky_wxb" xtrc="table:4;229:63" xtrf="file:/Users/lperson/repos/bridge/src/en/documentation/c_complete-list-of-synopsys-bridge-commands.dita">
                        <tgroup class="- topic/tgroup " cols="3" xtrc="tgroup:4;230:42" xtrf="file:/Users/lperson/repos/bridge/src/en/documentation/c_complete-list-of-synopsys-bridge-commands.dita">
                            <colspec class="- topic/colspec " colname="col1" colnum="1" colwidth="1.32*" xtrc="colspec:10;231:80" xtrf="file:/Users/lperson/repos/bridge/src/en/documentation/c_complete-list-of-synopsys-bridge-commands.dita"/>
                            <colspec class="- topic/colspec " colname="col2" colnum="2" colwidth="2.01*" xtrc="colspec:11;232:80" xtrf="file:/Users/lperson/repos/bridge/src/en/documentation/c_complete-list-of-synopsys-bridge-commands.dita"/>
                            <colspec class="- topic/colspec " colname="col3" colnum="3" colwidth="1*" xtrc="colspec:12;233:77" xtrf="file:/Users/lperson/repos/bridge/src/en/documentation/c_complete-list-of-synopsys-bridge-commands.dita"/>
                            <thead class="- topic/thead " xtrc="thead:4;234:36" xtrf="file:/Users/lperson/repos/bridge/src/en/documentation/c_complete-list-of-synopsys-bridge-commands.dita">
                                <row class="- topic/row " xtrc="row:28;235:38" xtrf="file:/Users/lperson/repos/bridge/src/en/documentation/c_complete-list-of-synopsys-bridge-commands.dita">
                                    <entry class="- topic/entry " colname="col1" dita-ot:x="1" dita-ot:y="1" xtrc="entry:82;236:44" xtrf="file:/Users/lperson/repos/bridge/src/en/documentation/c_complete-list-of-synopsys-bridge-commands.dita">Command</entry>
                                    <entry class="- topic/entry " colname="col2" dita-ot:x="2" dita-ot:y="1" xtrc="entry:83;237:44" xtrf="file:/Users/lperson/repos/bridge/src/en/documentation/c_complete-list-of-synopsys-bridge-commands.dita">Description</entry>
                                    <entry class="- topic/entry " colname="col3" dita-ot:x="3" dita-ot:y="1" xtrc="entry:84;238:44" xtrf="file:/Users/lperson/repos/bridge/src/en/documentation/c_complete-list-of-synopsys-bridge-commands.dita">Required?</entry>
                                </row>
                            </thead>
                            <tbody class="- topic/tbody " xtrc="tbody:4;241:36" xtrf="file:/Users/lperson/repos/bridge/src/en/documentation/c_complete-list-of-synopsys-bridge-commands.dita">
                                <row class="- topic/row " xtrc="row:29;242:38" xtrf="file:/Users/lperson/repos/bridge/src/en/documentation/c_complete-list-of-synopsys-bridge-commands.dita">
                                    <entry class="- topic/entry " colname="col1" dita-ot:x="1" dita-ot:y="2" xtrc="entry:85;243:44" xtrf="file:/Users/lperson/repos/bridge/src/en/documentation/c_complete-list-of-synopsys-bridge-commands.dita"><codeph class="+ topic/ph pr-d/codeph " xtrc="codeph:36;243:52" xtrf="file:/Users/lperson/repos/bridge/src/en/documentation/c_complete-list-of-synopsys-bridge-commands.dita"><b class="+ topic/ph hi-d/b " xtrc="b:25;243:55" xtrf="file:/Users/lperson/repos/bridge/src/en/documentation/c_complete-list-of-synopsys-bridge-commands.dita">BRIDGE_COVERITY_CONNECT_USER_NAME</b></codeph></entry>
                                    <entry class="- topic/entry " colname="col2" dita-ot:x="2" dita-ot:y="2" xtrc="entry:86;244:44" xtrf="file:/Users/lperson/repos/bridge/src/en/documentation/c_complete-list-of-synopsys-bridge-commands.dita">Coverity user name. </entry>
                                    <entry class="- topic/entry " colname="col3" dita-ot:x="3" dita-ot:y="2" xtrc="entry:87;245:44" xtrf="file:/Users/lperson/repos/bridge/src/en/documentation/c_complete-list-of-synopsys-bridge-commands.dita">Yes</entry>
                                </row>
                                <row class="- topic/row " xtrc="row:30;247:38" xtrf="file:/Users/lperson/repos/bridge/src/en/documentation/c_complete-list-of-synopsys-bridge-commands.dita">
                                    <entry class="- topic/entry " colname="col1" dita-ot:x="1" dita-ot:y="3" xtrc="entry:88;248:44" xtrf="file:/Users/lperson/repos/bridge/src/en/documentation/c_complete-list-of-synopsys-bridge-commands.dita"><codeph class="+ topic/ph pr-d/codeph " xtrc="codeph:37;248:52" xtrf="file:/Users/lperson/repos/bridge/src/en/documentation/c_complete-list-of-synopsys-bridge-commands.dita"><b class="+ topic/ph hi-d/b " xtrc="b:26;248:55" xtrf="file:/Users/lperson/repos/bridge/src/en/documentation/c_complete-list-of-synopsys-bridge-commands.dita">BRIDGE_COVERITY_CONNECT_USER_PASSWORD</b></codeph></entry>
                                    <entry class="- topic/entry " colname="col2" dita-ot:x="2" dita-ot:y="3" xtrc="entry:89;249:44" xtrf="file:/Users/lperson/repos/bridge/src/en/documentation/c_complete-list-of-synopsys-bridge-commands.dita">Coverity password</entry>
                                    <entry class="- topic/entry " colname="col3" dita-ot:x="3" dita-ot:y="3" xtrc="entry:90;250:44" xtrf="file:/Users/lperson/repos/bridge/src/en/documentation/c_complete-list-of-synopsys-bridge-commands.dita">Yes</entry>
                                </row>
                                <row class="- topic/row " xtrc="row:31;252:38" xtrf="file:/Users/lperson/repos/bridge/src/en/documentation/c_complete-list-of-synopsys-bridge-commands.dita">
                                    <entry class="- topic/entry " colname="col1" dita-ot:x="1" dita-ot:y="4" xtrc="entry:91;253:44" xtrf="file:/Users/lperson/repos/bridge/src/en/documentation/c_complete-list-of-synopsys-bridge-commands.dita"><codeph class="+ topic/ph pr-d/codeph " xtrc="codeph:38;253:52" xtrf="file:/Users/lperson/repos/bridge/src/en/documentation/c_complete-list-of-synopsys-bridge-commands.dita"><b class="+ topic/ph hi-d/b " xtrc="b:27;253:55" xtrf="file:/Users/lperson/repos/bridge/src/en/documentation/c_complete-list-of-synopsys-bridge-commands.dita">BRIDGE_COVERITY_CONNECT_URL</b></codeph></entry>
                                    <entry class="- topic/entry " colname="col2" dita-ot:x="2" dita-ot:y="4" xtrc="entry:92;254:44" xtrf="file:/Users/lperson/repos/bridge/src/en/documentation/c_complete-list-of-synopsys-bridge-commands.dita">URL for coverity connect instance.</entry>
                                    <entry class="- topic/entry " colname="col3" dita-ot:x="3" dita-ot:y="4" xtrc="entry:93;255:44" xtrf="file:/Users/lperson/repos/bridge/src/en/documentation/c_complete-list-of-synopsys-bridge-commands.dita">Yes</entry>
                                </row>
                                <row class="- topic/row " xtrc="row:32;257:38" xtrf="file:/Users/lperson/repos/bridge/src/en/documentation/c_complete-list-of-synopsys-bridge-commands.dita">
                                    <entry class="- topic/entry " colname="col1" dita-ot:x="1" dita-ot:y="5" xtrc="entry:94;258:44" xtrf="file:/Users/lperson/repos/bridge/src/en/documentation/c_complete-list-of-synopsys-bridge-commands.dita"><codeph class="+ topic/ph pr-d/codeph " xtrc="codeph:39;258:52" xtrf="file:/Users/lperson/repos/bridge/src/en/documentation/c_complete-list-of-synopsys-bridge-commands.dita"><b class="+ topic/ph hi-d/b " xtrc="b:28;258:55" xtrf="file:/Users/lperson/repos/bridge/src/en/documentation/c_complete-list-of-synopsys-bridge-commands.dita">BRIDGE_COVERITY_LOCAL</b></codeph></entry>
                                    <entry class="- topic/entry " colname="col2" dita-ot:x="2" dita-ot:y="5" xtrc="entry:95;259:44" xtrf="file:/Users/lperson/repos/bridge/src/en/documentation/c_complete-list-of-synopsys-bridge-commands.dita"><codeph class="+ topic/ph pr-d/codeph " xtrc="codeph:40;259:52" xtrf="file:/Users/lperson/repos/bridge/src/en/documentation/c_complete-list-of-synopsys-bridge-commands.dita">true</codeph> or <codeph class="+ topic/ph pr-d/codeph " xtrc="codeph:41;259:77" xtrf="file:/Users/lperson/repos/bridge/src/en/documentation/c_complete-list-of-synopsys-bridge-commands.dita">false</codeph>. Passing
                                            <codeph class="+ topic/ph pr-d/codeph " xtrc="codeph:42;260:53" xtrf="file:/Users/lperson/repos/bridge/src/en/documentation/c_complete-list-of-synopsys-bridge-commands.dita">true</codeph> runs analysis on local client
                                        directory instead of remote server.</entry>
                                    <entry class="- topic/entry " colname="col3" dita-ot:x="3" dita-ot:y="5" xtrc="entry:96;262:44" xtrf="file:/Users/lperson/repos/bridge/src/en/documentation/c_complete-list-of-synopsys-bridge-commands.dita">No</entry>
                                </row>
                                <row class="- topic/row " xtrc="row:33;264:38" xtrf="file:/Users/lperson/repos/bridge/src/en/documentation/c_complete-list-of-synopsys-bridge-commands.dita">
                                    <entry class="- topic/entry " colname="col1" dita-ot:x="1" dita-ot:y="6" xtrc="entry:97;265:44" xtrf="file:/Users/lperson/repos/bridge/src/en/documentation/c_complete-list-of-synopsys-bridge-commands.dita"><codeph class="+ topic/ph pr-d/codeph " xtrc="codeph:43;265:52" xtrf="file:/Users/lperson/repos/bridge/src/en/documentation/c_complete-list-of-synopsys-bridge-commands.dita"><b class="+ topic/ph hi-d/b " xtrc="b:29;265:55" xtrf="file:/Users/lperson/repos/bridge/src/en/documentation/c_complete-list-of-synopsys-bridge-commands.dita">
                                            BRIDGE_COVERITY_INSTALL_DIRECTORY</b></codeph></entry>
                                    <entry class="- topic/entry " colname="col2" dita-ot:x="2" dita-ot:y="6" xtrc="entry:98;267:44" xtrf="file:/Users/lperson/repos/bridge/src/en/documentation/c_complete-list-of-synopsys-bridge-commands.dita">Directory for locating/installing coverity tools</entry>
                                    <entry class="- topic/entry " colname="col3" dita-ot:x="3" dita-ot:y="6" xtrc="entry:99;268:44" xtrf="file:/Users/lperson/repos/bridge/src/en/documentation/c_complete-list-of-synopsys-bridge-commands.dita">No</entry>
                                </row>
                                <row class="- topic/row " xtrc="row:34;270:38" xtrf="file:/Users/lperson/repos/bridge/src/en/documentation/c_complete-list-of-synopsys-bridge-commands.dita">
                                    <entry class="- topic/entry " colname="col1" dita-ot:x="1" dita-ot:y="7" xtrc="entry:100;271:44" xtrf="file:/Users/lperson/repos/bridge/src/en/documentation/c_complete-list-of-synopsys-bridge-commands.dita"><codeph class="+ topic/ph pr-d/codeph " xtrc="codeph:44;271:52" xtrf="file:/Users/lperson/repos/bridge/src/en/documentation/c_complete-list-of-synopsys-bridge-commands.dita"><b class="+ topic/ph hi-d/b " xtrc="b:30;271:55" xtrf="file:/Users/lperson/repos/bridge/src/en/documentation/c_complete-list-of-synopsys-bridge-commands.dita">BRIDGE_COVERITY_AUTOMATION_PRCOMMENT</b></codeph></entry>
                                    <entry class="- topic/entry " colname="col2" dita-ot:x="2" dita-ot:y="7" xtrc="entry:101;272:44" xtrf="file:/Users/lperson/repos/bridge/src/en/documentation/c_complete-list-of-synopsys-bridge-commands.dita"><codeph class="+ topic/ph pr-d/codeph " xtrc="codeph:45;272:52" xtrf="file:/Users/lperson/repos/bridge/src/en/documentation/c_complete-list-of-synopsys-bridge-commands.dita">true</codeph> or <codeph class="+ topic/ph pr-d/codeph " xtrc="codeph:46;272:77" xtrf="file:/Users/lperson/repos/bridge/src/en/documentation/c_complete-list-of-synopsys-bridge-commands.dita">false</codeph>. Passing
                                            <codeph class="+ topic/ph pr-d/codeph " xtrc="codeph:47;273:53" xtrf="file:/Users/lperson/repos/bridge/src/en/documentation/c_complete-list-of-synopsys-bridge-commands.dita">true</codeph> enables generating
                                        comments.</entry>
                                    <entry class="- topic/entry " colname="col3" dita-ot:x="3" dita-ot:y="7" xtrc="entry:102;275:44" xtrf="file:/Users/lperson/repos/bridge/src/en/documentation/c_complete-list-of-synopsys-bridge-commands.dita">No</entry>
                                </row>
                            </tbody>
                        </tgroup>
                    </table>
                </p>
            </section>
            <section class="- topic/section " id="section_idm_yd1_xxb" xtrc="section:5;282:47" xtrf="file:/Users/lperson/repos/bridge/src/en/documentation/c_complete-list-of-synopsys-bridge-commands.dita">
                <title class="- topic/title " xtrc="title:6;283:24" xtrf="file:/Users/lperson/repos/bridge/src/en/documentation/c_complete-list-of-synopsys-bridge-commands.dita">Integration Specific Commands</title>
                <p class="- topic/p " xtrc="p:7;284:20" xtrf="file:/Users/lperson/repos/bridge/src/en/documentation/c_complete-list-of-synopsys-bridge-commands.dita"><b class="+ topic/ph hi-d/b " xtrc="b:31;284:23" xtrf="file:/Users/lperson/repos/bridge/src/en/documentation/c_complete-list-of-synopsys-bridge-commands.dita">Azure</b></p>
                <p class="- topic/p " xtrc="p:8;285:20" xtrf="file:/Users/lperson/repos/bridge/src/en/documentation/c_complete-list-of-synopsys-bridge-commands.dita">If  <codeph class="+ topic/ph pr-d/codeph " xtrc="codeph:48;285:32" xtrf="file:/Users/lperson/repos/bridge/src/en/documentation/c_complete-list-of-synopsys-bridge-commands.dita">bridge_coverity_automation_prcomment</codeph>,
                        <codeph class="+ topic/ph pr-d/codeph " xtrc="codeph:49;286:33" xtrf="file:/Users/lperson/repos/bridge/src/en/documentation/c_complete-list-of-synopsys-bridge-commands.dita">bridge_blackduck_automation_prcomment</codeph> or
                        <codeph class="+ topic/ph pr-d/codeph " xtrc="codeph:50;287:33" xtrf="file:/Users/lperson/repos/bridge/src/en/documentation/c_complete-list-of-synopsys-bridge-commands.dita">bridge_blackduck_automation_fixpr</codeph> are set to
                        <codeph class="+ topic/ph pr-d/codeph " xtrc="codeph:51;288:33" xtrf="file:/Users/lperson/repos/bridge/src/en/documentation/c_complete-list-of-synopsys-bridge-commands.dita">true</codeph>, you must also pass <codeph class="+ topic/ph pr-d/codeph " xtrc="codeph:52;288:75" xtrf="file:/Users/lperson/repos/bridge/src/en/documentation/c_complete-list-of-synopsys-bridge-commands.dita">azure_token</codeph> with
                    the required permissions. (Example: <codeph class="+ topic/ph pr-d/codeph " xtrc="codeph:53;289:65" xtrf="file:/Users/lperson/repos/bridge/src/en/documentation/c_complete-list-of-synopsys-bridge-commands.dita">azure_token:
                            $<varname class="+ topic/keyword sw-d/varname " xtrc="varname:1;290:39" xtrf="file:/Users/lperson/repos/bridge/src/en/documentation/c_complete-list-of-synopsys-bridge-commands.dita">(System.AccessToken)</varname></codeph>.)</p>
            </section>
        </bodydiv>
    </body>
<opentopic-index:index.groups/></topic>