<?xml version="1.0"?>
<?mso-application progid="Excel.Sheet"?>
<Workbook xmlns="urn:schemas-microsoft-com:office:spreadsheet"
 xmlns:o="urn:schemas-microsoft-com:office:office"
 xmlns:x="urn:schemas-microsoft-com:office:excel"
 xmlns:ss="urn:schemas-microsoft-com:office:spreadsheet"
 xmlns:html="http://www.w3.org/TR/REC-html40">
 <DocumentProperties xmlns="urn:schemas-microsoft-com:office:office">
  <Author>mark</Author>
  <LastAuthor>Microsoft Office User</LastAuthor>
  <Created>2021-03-18T05:43:42Z</Created>
  <LastSaved>2022-10-31T22:47:32Z</LastSaved>
  <Version>16.00</Version>
 </DocumentProperties>
 <OfficeDocumentSettings xmlns="urn:schemas-microsoft-com:office:office">
  <AllowPNG/>
 </OfficeDocumentSettings>
 <ExcelWorkbook xmlns="urn:schemas-microsoft-com:office:excel">
  <WindowHeight>7920</WindowHeight>
  <WindowWidth>21570</WindowWidth>
  <WindowTopX>32767</WindowTopX>
  <WindowTopY>32767</WindowTopY>
  <ProtectStructure>False</ProtectStructure>
  <ProtectWindows>False</ProtectWindows>
 </ExcelWorkbook>
 <Styles>
  <Style ss:ID="Default" ss:Name="Normal">
   <Alignment ss:Vertical="Bottom"/>
   <Borders/>
   <Font ss:FontName="Calibri" x:Family="Swiss" ss:Size="11" ss:Color="#000000"/>
   <Interior/>
   <NumberFormat/>
   <Protection/>
  </Style>
  <Style ss:ID="s62">
   <Font ss:FontName="Consolas" x:Family="Swiss" ss:Size="12" ss:Color="#000000"/>
  </Style>
 </Styles>
 <Worksheet ss:Name="Sheet1">
  <Table ss:ExpandedColumnCount="6" ss:ExpandedRowCount="11" x:FullColumns="1"
   x:FullRows="1" ss:DefaultColumnWidth="65.25" ss:DefaultRowHeight="15">
   <Column ss:Index="3" ss:Width="141.75"/>
   <Column ss:Width="105.75"/>
   <Column ss:Width="126.75"/>
   <Column ss:AutoFitWidth="0" ss:Width="71.25"/>
   <Row ss:AutoFitHeight="0">
    <Cell ss:StyleID="s62"><Data ss:Type="String">Filename</Data></Cell>
    <Cell ss:StyleID="s62"><Data ss:Type="String">Title</Data></Cell>
    <Cell ss:StyleID="s62"><Data ss:Type="String">Product</Data></Cell>
    <Cell ss:StyleID="s62"><Data ss:Type="String">Role</Data></Cell>
    <Cell ss:StyleID="s62"><Data ss:Type="String">Document Type</Data></Cell>
    <Cell ss:StyleID="s62"><Data ss:Type="String">Access</Data></Cell>
   </Row>
   <Row ss:AutoFitHeight="0">
    <Cell ss:StyleID="s62"><Data ss:Type="String">MAP</Data></Cell>
    <Cell ss:StyleID="s62"/>
    <Cell ss:StyleID="s62"><Data ss:Type="String">bridge</Data></Cell>
    <Cell ss:StyleID="s62"><Data ss:Type="String">role_developer</Data></Cell>
    <Cell ss:StyleID="s62"><Data ss:Type="String">doctype_devguide</Data></Cell>
    <Cell ss:StyleID="s62"><Data ss:Type="String">access_all</Data></Cell>
   </Row>
   <Row ss:AutoFitHeight="0">
    <Cell ss:StyleID="s62"><Data ss:Type="String">apply-ALL</Data></Cell>
    <Cell ss:StyleID="s62"/>
    <Cell ss:StyleID="s62"><Data ss:Type="String">bridge</Data></Cell>
    <Cell ss:StyleID="s62"><Data ss:Type="String">role_developer</Data></Cell>
    <Cell ss:StyleID="s62"><Data ss:Type="String">doctype_devguide</Data></Cell>
    <Cell ss:StyleID="s62"><Data ss:Type="String">access_all</Data></Cell>
   </Row>
   <Row ss:AutoFitHeight="0">
    <Cell ss:StyleID="s62"><Data ss:Type="String">default</Data></Cell>
    <Cell ss:StyleID="s62"/>
    <Cell ss:StyleID="s62"/>
    <Cell ss:StyleID="s62"/>
    <Cell ss:StyleID="s62"/>
    <Cell ss:StyleID="s62"/>
   </Row>
   <Row ss:Index="11" ss:AutoFitHeight="0">
    <Cell ss:Index="5" ss:StyleID="s62"/>
   </Row>
  </Table>
  <WorksheetOptions xmlns="urn:schemas-microsoft-com:office:excel">
   <PageSetup>
    <Header x:Margin="0.3"/>
    <Footer x:Margin="0.3"/>
    <PageMargins x:Bottom="0.75" x:Left="0.7" x:Right="0.7" x:Top="0.75"/>
   </PageSetup>
   <Unsynced/>
   <Print>
    <ValidPrinterInfo/>
    <PaperSizeIndex>9</PaperSizeIndex>
    <HorizontalResolution>600</HorizontalResolution>
    <VerticalResolution>600</VerticalResolution>
   </Print>
   <Selected/>
   <Panes>
    <Pane>
     <Number>3</Number>
     <ActiveRow>1</ActiveRow>
     <ActiveCol>4</ActiveCol>
     <RangeSelection>R2C5:R3C5</RangeSelection>
    </Pane>
   </Panes>
   <ProtectObjects>False</ProtectObjects>
   <ProtectScenarios>False</ProtectScenarios>
  </WorksheetOptions>
 </Worksheet>
</Workbook>
